concurso,acutotal,vsaparecer,somatotal,sorteado
1,1,0,199,yes
2,1,1,185,no
3,1,2,182,no
4,2,0,197,yes
5,3,0,202,yes
6,4,0,183,yes
7,4,1,215,no
8,4,2,204,no
9,4,3,212,no
10,5,0,170,yes
11,6,0,214,yes
12,7,0,165,yes
13,7,1,176,no
14,8,0,198,yes
15,9,0,204,yes
16,10,0,207,yes
17,11,0,171,yes
18,12,0,216,yes
19,13,0,191,yes
20,13,1,198,no
21,14,0,212,yes
22,15,0,148,yes
23,15,1,164,no
24,16,0,202,yes
25,17,0,169,yes
26,17,1,215,no
27,17,2,222,no
28,17,3,191,no
29,17,4,199,no
30,18,0,178,yes
31,19,0,209,yes
32,20,0,177,yes
33,21,0,193,yes
34,22,0,184,yes
35,22,1,209,no
36,22,2,206,no
37,22,3,189,no
38,23,0,175,yes
39,24,0,223,yes
40,25,0,192,yes
41,26,0,217,yes
42,26,1,188,no
43,26,2,201,no
44,26,3,208,no
45,27,0,204,yes
46,28,0,191,yes
47,29,0,163,yes
48,30,0,215,yes
49,31,0,209,yes
50,32,0,182,yes
51,32,1,187,no
52,33,0,206,yes
53,34,0,186,yes
54,35,0,188,yes
55,36,0,162,yes
56,37,0,212,yes
57,38,0,178,yes
58,38,1,195,no
59,38,2,180,no
60,39,0,198,yes
61,39,1,209,no
62,39,2,201,no
63,39,3,231,no
64,40,0,176,yes
65,41,0,220,yes
66,42,0,208,yes
67,42,1,216,no
68,43,0,166,yes
69,43,1,207,no
70,44,0,181,yes
71,44,1,185,no
72,45,0,197,yes
73,46,0,194,yes
74,47,0,172,yes
75,47,1,161,no
76,47,2,197,no
77,48,0,204,yes
78,49,0,166,yes
79,50,0,210,yes
80,51,0,172,yes
81,52,0,150,yes
82,52,1,192,no
83,53,0,177,yes
84,54,0,214,yes
85,55,0,185,yes
86,56,0,199,yes
87,57,0,186,yes
88,58,0,179,yes
89,58,1,245,no
90,59,0,214,yes
91,59,1,212,no
92,60,0,196,yes
93,61,0,198,yes
94,62,0,215,yes
95,63,0,173,yes
96,63,1,218,no
97,63,2,227,no
98,64,0,207,yes
99,65,0,188,yes
100,65,1,188,no
101,65,2,203,no
102,66,0,187,yes
103,67,0,172,yes
104,67,1,226,no
105,67,2,199,no
106,68,0,172,yes
107,68,1,181,no
108,69,0,187,yes
109,69,1,208,no
110,69,2,205,no
111,69,3,219,no
112,70,0,184,yes
113,71,0,185,yes
114,72,0,183,yes
115,72,1,185,no
116,73,0,214,yes
117,73,1,205,no
118,74,0,206,yes
119,74,1,209,no
120,74,2,193,no
121,75,0,184,yes
122,76,0,192,yes
123,76,1,222,no
124,77,0,203,yes
125,78,0,187,yes
126,79,0,184,yes
127,80,0,175,yes
128,81,0,209,yes
129,82,0,216,yes
130,83,0,187,yes
131,84,0,192,yes
132,84,1,182,no
133,84,2,192,no
134,84,3,183,no
135,85,0,200,yes
136,86,0,187,yes
137,87,0,207,yes
138,88,0,193,yes
139,89,0,220,yes
140,90,0,199,yes
141,90,1,202,no
142,91,0,188,yes
143,92,0,226,yes
144,93,0,208,yes
145,94,0,204,yes
146,95,0,203,yes
147,96,0,190,yes
148,97,0,199,yes
149,98,0,223,yes
150,98,1,198,no
151,98,2,189,no
152,98,3,211,no
153,99,0,204,yes
154,100,0,170,yes
155,101,0,209,yes
156,101,1,184,no
157,102,0,188,yes
158,103,0,209,yes
159,104,0,165,yes
160,104,1,196,no
161,104,2,239,no
162,105,0,166,yes
163,106,0,188,yes
164,107,0,183,yes
165,108,0,185,yes
166,109,0,201,yes
167,110,0,188,yes
168,111,0,195,yes
169,111,1,169,no
170,111,2,181,no
171,111,3,217,no
172,112,0,181,yes
173,113,0,209,yes
174,114,0,193,yes
175,115,0,186,yes
176,116,0,233,yes
177,117,0,212,yes
178,118,0,204,yes
179,119,0,202,yes
180,120,0,158,yes
181,120,1,198,no
182,121,0,198,yes
183,122,0,213,yes
184,122,1,203,no
185,123,0,179,yes
186,124,0,217,yes
187,124,1,240,no
188,125,0,222,yes
189,126,0,189,yes
190,126,1,181,no
191,127,0,214,yes
192,128,0,180,yes
193,129,0,172,yes
194,130,0,216,yes
195,131,0,175,yes
196,132,0,219,yes
197,132,1,181,no
198,133,0,184,yes
199,134,0,173,yes
200,135,0,178,yes
201,136,0,165,yes
202,136,1,217,no
203,137,0,174,yes
204,138,0,196,yes
205,139,0,199,yes
206,140,0,188,yes
207,141,0,167,yes
208,141,1,174,no
209,141,2,199,no
210,141,3,211,no
211,142,0,190,yes
212,142,1,178,no
213,142,2,197,no
214,143,0,200,yes
215,143,1,183,no
216,144,0,176,yes
217,145,0,167,yes
218,146,0,208,yes
219,147,0,217,yes
220,147,1,242,no
221,148,0,190,yes
222,148,1,178,no
223,149,0,208,yes
224,149,1,213,no
225,150,0,195,yes
226,150,1,216,no
227,150,2,198,no
228,151,0,220,yes
229,152,0,201,yes
230,153,0,155,yes
231,154,0,198,yes
232,154,1,218,no
233,155,0,141,yes
234,156,0,173,yes
235,156,1,236,no
236,156,2,184,no
237,156,3,210,no
238,156,4,203,no
239,156,5,188,no
240,157,0,198,yes
241,157,1,213,no
242,158,0,208,yes
243,159,0,187,yes
244,159,1,197,no
245,160,0,189,yes
246,160,1,189,no
247,161,0,185,yes
248,162,0,187,yes
249,162,1,210,no
250,163,0,184,yes
251,163,1,209,no
252,164,0,211,yes
253,164,1,185,no
254,165,0,156,yes
255,166,0,187,yes
256,167,0,183,yes
257,167,1,191,no
258,168,0,213,yes
259,168,1,212,no
260,168,2,162,no
261,169,0,182,yes
262,169,1,196,no
263,169,2,200,no
264,169,3,202,no
265,169,4,208,no
266,169,5,179,no
267,170,0,179,yes
268,170,1,207,no
269,171,0,204,yes
270,171,1,182,no
271,172,0,192,yes
272,173,0,189,yes
273,173,1,216,no
274,174,0,192,yes
275,174,1,171,no
276,175,0,188,yes
277,176,0,223,yes
278,177,0,182,yes
279,178,0,171,yes
280,178,1,197,no
281,179,0,173,yes
282,180,0,198,yes
283,181,0,184,yes
284,181,1,200,no
285,181,2,182,no
286,182,0,184,yes
287,183,0,212,yes
288,184,0,175,yes
289,185,0,166,yes
290,186,0,183,yes
291,187,0,182,yes
292,188,0,195,yes
293,189,0,206,yes
294,190,0,176,yes
295,191,0,216,yes
296,192,0,195,yes
297,192,1,211,no
298,192,2,177,no
299,192,3,216,no
300,192,4,216,no
301,193,0,206,yes
302,194,0,189,yes
303,195,0,211,yes
304,195,1,212,no
305,196,0,198,yes
306,197,0,183,yes
307,197,1,198,no
308,198,0,220,yes
309,199,0,184,yes
310,200,0,207,yes
311,201,0,213,yes
312,202,0,189,yes
313,203,0,196,yes
314,204,0,178,yes
315,205,0,202,yes
316,205,1,177,no
317,206,0,199,yes
318,206,1,195,no
319,206,2,186,no
320,206,3,216,no
321,207,0,198,yes
322,208,0,197,yes
323,209,0,181,yes
324,210,0,166,yes
325,211,0,197,yes
326,212,0,173,yes
327,213,0,186,yes
328,214,0,217,yes
329,215,0,202,yes
330,216,0,212,yes
331,216,1,206,no
332,217,0,202,yes
333,218,0,191,yes
334,219,0,205,yes
335,219,1,168,no
336,220,0,174,yes
337,220,1,168,no
338,220,2,193,no
339,221,0,217,yes
340,222,0,179,yes
341,222,1,223,no
342,222,2,213,no
343,222,3,207,no
344,222,4,194,no
345,223,0,236,yes
346,224,0,179,yes
347,224,1,200,no
348,225,0,215,yes
349,226,0,210,yes
350,227,0,164,yes
351,228,0,182,yes
352,229,0,185,yes
353,230,0,205,yes
354,231,0,189,yes
355,232,0,182,yes
356,233,0,209,yes
357,234,0,184,yes
358,235,0,206,yes
359,235,1,227,no
360,236,0,171,yes
361,236,1,204,no
362,237,0,167,yes
363,238,0,190,yes
364,239,0,188,yes
365,239,1,213,no
366,239,2,216,no
367,240,0,193,yes
368,241,0,196,yes
369,241,1,193,no
370,241,2,184,no
371,242,0,156,yes
372,242,1,213,no
373,243,0,208,yes
374,244,0,215,yes
375,245,0,190,yes
376,246,0,223,yes
377,247,0,163,yes
378,248,0,219,yes
379,248,1,198,no
380,249,0,179,yes
381,249,1,184,no
382,250,0,178,yes
383,250,1,210,no
384,250,2,206,no
385,251,0,198,yes
386,252,0,184,yes
387,253,0,193,yes
388,254,0,161,yes
389,255,0,190,yes
390,256,0,220,yes
391,256,1,196,no
392,257,0,196,yes
393,257,1,196,no
394,258,0,211,yes
395,259,0,191,yes
396,260,0,166,yes
397,261,0,157,yes
398,262,0,170,yes
399,262,1,210,no
400,262,2,228,no
401,263,0,182,yes
402,264,0,199,yes
403,265,0,190,yes
404,265,1,214,no
405,265,2,204,no
406,266,0,180,yes
407,267,0,188,yes
408,268,0,195,yes
409,269,0,198,yes
410,269,1,176,no
411,269,2,222,no
412,269,3,215,no
413,270,0,181,yes
414,271,0,188,yes
415,271,1,214,no
416,272,0,216,yes
417,273,0,184,yes
418,273,1,233,no
419,273,2,215,no
420,273,3,183,no
421,273,4,196,no
422,274,0,175,yes
423,275,0,215,yes
424,275,1,201,no
425,275,2,220,no
426,276,0,188,yes
427,276,1,170,no
428,276,2,225,no
429,277,0,174,yes
430,278,0,179,yes
431,279,0,199,yes
432,280,0,196,yes
433,281,0,198,yes
434,281,1,217,no
435,281,2,197,no
436,281,3,220,no
437,282,0,175,yes
438,282,1,218,no
439,283,0,210,yes
440,283,1,207,no
441,284,0,174,yes
442,284,1,218,no
443,285,0,187,yes
444,286,0,207,yes
445,287,0,178,yes
446,288,0,179,yes
447,289,0,220,yes
448,289,1,183,no
449,290,0,189,yes
450,290,1,222,no
451,290,2,209,no
452,290,3,201,no
453,291,0,191,yes
454,291,1,212,no
455,291,2,177,no
456,291,3,205,no
457,291,4,227,no
458,292,0,159,yes
459,293,0,179,yes
460,293,1,182,no
461,293,2,181,no
462,294,0,193,yes
463,295,0,209,yes
464,296,0,224,yes
465,297,0,171,yes
466,298,0,212,yes
467,299,0,203,yes
468,300,0,202,yes
469,301,0,184,yes
470,301,1,166,no
471,302,0,184,yes
472,303,0,153,yes
473,304,0,182,yes
474,305,0,187,yes
475,306,0,183,yes
476,306,1,192,no
477,307,0,200,yes
478,308,0,200,yes
479,309,0,218,yes
480,309,1,202,no
481,309,2,193,no
482,310,0,212,yes
483,310,1,194,no
484,310,2,198,no
485,311,0,201,yes
486,312,0,170,yes
487,312,1,199,no
488,312,2,217,no
489,313,0,207,yes
490,313,1,199,no
491,314,0,209,yes
492,315,0,183,yes
493,315,1,192,no
494,316,0,185,yes
495,316,1,184,no
496,316,2,200,no
497,317,0,169,yes
498,318,0,195,yes
499,319,0,191,yes
500,320,0,193,yes
501,321,0,199,yes
502,322,0,163,yes
503,323,0,181,yes
504,323,1,214,no
505,323,2,212,no
506,323,3,214,no
507,324,0,180,yes
508,325,0,194,yes
509,325,1,205,no
510,326,0,180,yes
511,327,0,199,yes
512,328,0,153,yes
513,329,0,195,yes
514,329,1,201,no
515,330,0,190,yes
516,331,0,188,yes
517,331,1,162,no
518,331,2,200,no
519,332,0,217,yes
520,333,0,203,yes
521,334,0,155,yes
522,335,0,224,yes
523,336,0,193,yes
524,337,0,197,yes
525,337,1,210,no
526,338,0,177,yes
527,339,0,196,yes
528,340,0,190,yes
529,341,0,206,yes
530,341,1,184,no
531,342,0,201,yes
532,343,0,166,yes
533,344,0,191,yes
534,345,0,181,yes
535,345,1,209,no
536,345,2,220,no
537,346,0,196,yes
538,347,0,219,yes
539,348,0,168,yes
540,349,0,202,yes
541,349,1,206,no
542,350,0,172,yes
543,350,1,208,no
544,351,0,193,yes
545,351,1,194,no
546,352,0,175,yes
547,353,0,184,yes
548,354,0,157,yes
549,354,1,205,no
550,354,2,190,no
551,354,3,224,no
552,354,4,193,no
553,354,5,200,no
554,355,0,200,yes
555,356,0,187,yes
556,356,1,225,no
557,356,2,199,no
558,356,3,203,no
559,357,0,193,yes
560,358,0,219,yes
561,359,0,168,yes
562,360,0,193,yes
563,360,1,182,no
564,361,0,191,yes
565,361,1,206,no
566,361,2,172,no
567,362,0,183,yes
568,363,0,162,yes
569,364,0,210,yes
570,365,0,189,yes
571,365,1,206,no
572,366,0,201,yes
573,367,0,208,yes
574,367,1,226,no
575,367,2,212,no
576,367,3,223,no
577,368,0,179,yes
578,368,1,191,no
579,368,2,180,no
580,368,3,187,no
581,369,0,209,yes
582,369,1,211,no
583,369,2,195,no
584,370,0,186,yes
585,370,1,200,no
586,371,0,194,yes
587,371,1,190,no
588,371,2,213,no
589,372,0,202,yes
590,372,1,180,no
591,373,0,188,yes
592,373,1,183,no
593,373,2,183,no
594,374,0,192,yes
595,374,1,190,no
596,375,0,206,yes
597,376,0,185,yes
598,376,1,197,no
599,377,0,202,yes
600,377,1,193,no
601,377,2,171,no
602,378,0,172,yes
603,379,0,196,yes
604,380,0,207,yes
605,381,0,189,yes
606,382,0,205,yes
607,382,1,233,no
608,383,0,181,yes
609,384,0,188,yes
610,385,0,176,yes
611,386,0,181,yes
612,387,0,184,yes
613,388,0,203,yes
614,388,1,199,no
615,389,0,216,yes
616,390,0,217,yes
617,391,0,188,yes
618,392,0,182,yes
619,392,1,202,no
620,392,2,197,no
621,393,0,178,yes
622,394,0,153,yes
623,395,0,170,yes
624,396,0,173,yes
625,397,0,185,yes
626,398,0,167,yes
627,399,0,199,yes
628,400,0,189,yes
629,401,0,179,yes
630,402,0,208,yes
631,403,0,182,yes
632,403,1,212,no
633,404,0,210,yes
634,405,0,185,yes
635,405,1,179,no
636,406,0,189,yes
637,407,0,222,yes
638,408,0,203,yes
639,409,0,179,yes
640,409,1,199,no
641,410,0,199,yes
642,411,0,191,yes
643,412,0,196,yes
644,413,0,179,yes
645,413,1,224,no
646,413,2,206,no
647,413,3,216,no
648,414,0,194,yes
649,415,0,169,yes
650,415,1,221,no
651,415,2,199,no
652,416,0,205,yes
653,417,0,198,yes
654,418,0,212,yes
655,419,0,217,yes
656,420,0,195,yes
657,421,0,186,yes
658,421,1,192,no
659,421,2,170,no
660,421,3,184,no
661,421,4,208,no
662,422,0,166,yes
663,423,0,199,yes
664,423,1,206,no
665,424,0,219,yes
666,425,0,196,yes
667,425,1,208,no
668,426,0,205,yes
669,427,0,221,yes
670,427,1,226,no
671,427,2,196,no
672,428,0,199,yes
673,429,0,166,yes
674,430,0,230,yes
675,431,0,186,yes
676,432,0,200,yes
677,433,0,173,yes
678,434,0,213,yes
679,435,0,209,yes
680,435,1,192,no
681,436,0,168,yes
682,437,0,183,yes
683,438,0,150,yes
684,438,1,206,no
685,438,2,228,no
686,438,3,205,no
687,439,0,194,yes
688,440,0,188,yes
689,441,0,172,yes
690,442,0,196,yes
691,443,0,179,yes
692,444,0,197,yes
693,445,0,162,yes
694,445,1,195,no
695,446,0,218,yes
696,446,1,192,no
697,447,0,208,yes
698,448,0,187,yes
699,449,0,201,yes
700,450,0,191,yes
701,450,1,227,no
702,451,0,150,yes
703,452,0,235,yes
704,453,0,189,yes
705,453,1,193,no
706,454,0,194,yes
707,454,1,203,no
708,455,0,182,yes
709,455,1,195,no
710,456,0,222,yes
711,457,0,176,yes
712,457,1,225,no
713,458,0,207,yes
714,458,1,188,no
715,458,2,212,no
716,458,3,199,no
717,459,0,183,yes
718,459,1,227,no
719,460,0,222,yes
720,460,1,230,no
721,461,0,141,yes
722,461,1,186,no
723,462,0,162,yes
724,462,1,202,no
725,462,2,199,no
726,463,0,192,yes
727,463,1,217,no
728,463,2,208,no
729,464,0,170,yes
730,464,1,218,no
731,464,2,201,no
732,464,3,222,no
733,464,4,187,no
734,465,0,208,yes
735,465,1,227,no
736,466,0,171,yes
737,467,0,169,yes
738,468,0,219,yes
739,469,0,213,yes
740,469,1,213,no
741,470,0,198,yes
742,470,1,175,no
743,471,0,190,yes
744,471,1,173,no
745,471,2,194,no
746,472,0,201,yes
747,473,0,173,yes
748,473,1,172,no
749,474,0,167,yes
750,475,0,188,yes
751,475,1,208,no
752,475,2,193,no
753,475,3,177,no
754,475,4,229,no
755,476,0,168,yes
756,476,1,204,no
757,476,2,187,no
758,477,0,199,yes
759,478,0,218,yes
760,479,0,188,yes
761,479,1,192,no
762,480,0,153,yes
763,481,0,193,yes
764,481,1,192,no
765,482,0,189,yes
766,482,1,189,no
767,482,2,181,no
768,482,3,208,no
769,482,4,210,no
770,482,5,194,no
771,483,0,188,yes
772,484,0,192,yes
773,485,0,203,yes
774,485,1,172,no
775,486,0,174,yes
776,487,0,196,yes
777,488,0,214,yes
778,489,0,204,yes
779,489,1,214,no
780,489,2,222,no
781,490,0,193,yes
782,490,1,208,no
783,491,0,190,yes
784,492,0,197,yes
785,493,0,177,yes
786,494,0,196,yes
787,494,1,182,no
788,494,2,208,no
789,495,0,199,yes
790,495,1,226,no
791,496,0,171,yes
792,497,0,191,yes
793,498,0,204,yes
794,499,0,170,yes
795,500,0,159,yes
796,501,0,181,yes
797,502,0,201,yes
798,502,1,194,no
799,502,2,224,no
800,502,3,186,no
801,502,4,186,no
802,502,5,185,no
803,502,6,234,no
804,502,7,185,no
805,503,0,191,yes
806,504,0,175,yes
807,505,0,192,yes
808,505,1,227,no
809,506,0,209,yes
810,506,1,205,no
811,507,0,151,yes
812,507,1,216,no
813,507,2,184,no
814,507,3,221,no
815,507,4,241,no
816,508,0,188,yes
817,509,0,183,yes
818,509,1,220,no
819,509,2,175,no
820,510,0,164,yes
821,510,1,201,no
822,511,0,222,yes
823,512,0,197,yes
824,513,0,212,yes
825,513,1,200,no
826,513,2,226,no
827,514,0,177,yes
828,514,1,222,no
829,515,0,214,yes
830,515,1,200,no
831,516,0,181,yes
832,517,0,205,yes
833,518,0,203,yes
834,519,0,204,yes
835,520,0,202,yes
836,521,0,203,yes
837,521,1,194,no
838,522,0,199,yes
839,523,0,201,yes
840,524,0,222,yes
841,524,1,185,no
842,524,2,206,no
843,524,3,212,no
844,524,4,193,no
845,525,0,224,yes
846,525,1,215,no
847,525,2,180,no
848,526,0,217,yes
849,526,1,217,no
850,527,0,209,yes
851,527,1,195,no
852,528,0,193,yes
853,529,0,196,yes
854,530,0,178,yes
855,530,1,195,no
856,531,0,205,yes
857,531,1,193,no
858,531,2,185,no
859,532,0,152,yes
860,532,1,192,no
861,533,0,163,yes
862,534,0,188,yes
863,534,1,215,no
864,534,2,227,no
865,534,3,197,no
866,535,0,168,yes
867,536,0,167,yes
868,537,0,191,yes
869,537,1,219,no
870,538,0,156,yes
871,539,0,198,yes
872,540,0,163,yes
873,541,0,182,yes
874,542,0,176,yes
875,543,0,212,yes
876,543,1,216,no
877,543,2,212,no
878,544,0,178,yes
879,545,0,201,yes
880,546,0,220,yes
881,546,1,179,no
882,547,0,203,yes
883,547,1,198,no
884,547,2,199,no
885,548,0,208,yes
886,548,1,181,no
887,548,2,230,no
888,548,3,217,no
889,549,0,190,yes
890,550,0,164,yes
891,550,1,213,no
892,551,0,193,yes
893,552,0,169,yes
894,553,0,206,yes
895,554,0,180,yes
896,555,0,168,yes
897,556,0,175,yes
898,556,1,196,no
899,556,2,212,no
900,557,0,194,yes
901,558,0,197,yes
902,559,0,179,yes
903,560,0,154,yes
904,560,1,199,no
905,560,2,198,no
906,561,0,165,yes
907,562,0,183,yes
908,563,0,186,yes
909,564,0,159,yes
910,564,1,198,no
911,565,0,196,yes
912,566,0,211,yes
913,566,1,213,no
914,566,2,191,no
915,567,0,192,yes
916,568,0,167,yes
917,569,0,182,yes
918,570,0,174,yes
919,571,0,158,yes
920,572,0,171,yes
921,573,0,193,yes
922,574,0,204,yes
923,574,1,187,no
924,575,0,183,yes
925,575,1,194,no
926,575,2,175,no
927,576,0,207,yes
928,576,1,198,no
929,577,0,178,yes
930,578,0,207,yes
931,579,0,197,yes
932,579,1,217,no
933,580,0,176,yes
934,581,0,215,yes
935,582,0,155,yes
936,583,0,181,yes
937,584,0,205,yes
938,585,0,186,yes
939,585,1,187,no
940,586,0,197,yes
941,587,0,157,yes
942,587,1,186,no
943,587,2,192,no
944,587,3,218,no
945,588,0,203,yes
946,588,1,231,no
947,589,0,175,yes
948,590,0,192,yes
949,590,1,183,no
950,591,0,194,yes
951,591,1,226,no
952,591,2,204,no
953,592,0,173,yes
954,592,1,208,no
955,593,0,167,yes
956,594,0,177,yes
957,594,1,193,no
958,594,2,203,no
959,595,0,229,yes
960,596,0,175,yes
961,597,0,175,yes
962,597,1,209,no
963,597,2,196,no
964,598,0,180,yes
965,598,1,207,no
966,599,0,172,yes
967,600,0,197,yes
968,601,0,187,yes
969,601,1,191,no
970,601,2,206,no
971,601,3,208,no
972,601,4,222,no
973,602,0,195,yes
974,602,1,189,no
975,603,0,176,yes
976,604,0,183,yes
977,605,0,196,yes
978,605,1,166,no
979,606,0,211,yes
980,607,0,183,yes
981,608,0,190,yes
982,608,1,185,no
983,609,0,181,yes
984,610,0,219,yes
985,610,1,218,no
986,611,0,212,yes
987,612,0,186,yes
988,612,1,197,no
989,612,2,205,no
990,612,3,189,no
991,613,0,198,yes
992,613,1,166,no
993,614,0,215,yes
994,614,1,201,no
995,615,0,179,yes
996,616,0,208,yes
997,617,0,203,yes
998,618,0,183,yes
999,619,0,172,yes
1000,620,0,194,yes
1001,620,1,211,no
1002,620,2,217,no
1003,621,0,197,yes
1004,622,0,212,yes
1005,622,1,213,no
1006,622,2,182,no
1007,623,0,193,yes
1008,623,1,182,no
1009,624,0,203,yes
1010,625,0,185,yes
1011,625,1,193,no
1012,626,0,214,yes
1013,627,0,174,yes
1014,628,0,218,yes
1015,629,0,175,yes
1016,630,0,193,yes
1017,631,0,171,yes
1018,632,0,189,yes
1019,633,0,173,yes
1020,634,0,195,yes
1021,634,1,212,no
1022,634,2,187,no
1023,635,0,174,yes
1024,636,0,186,yes
1025,637,0,212,yes
1026,637,1,212,no
1027,637,2,187,no
1028,637,3,204,no
1029,638,0,206,yes
1030,639,0,176,yes
1031,640,0,181,yes
1032,641,0,166,yes
1033,641,1,208,no
1034,642,0,190,yes
1035,642,1,228,no
1036,642,2,213,no
1037,642,3,217,no
1038,643,0,215,yes
1039,644,0,201,yes
1040,645,0,192,yes
1041,645,1,215,no
1042,645,2,186,no
1043,646,0,183,yes
1044,647,0,189,yes
1045,648,0,219,yes
1046,648,1,206,no
1047,648,2,221,no
1048,649,0,175,yes
1049,650,0,227,yes
1050,650,1,212,no
1051,651,0,195,yes
1052,651,1,187,no
1053,652,0,185,yes
1054,653,0,189,yes
1055,654,0,191,yes
1056,655,0,187,yes
1057,655,1,197,no
1058,655,2,219,no
1059,656,0,188,yes
1060,657,0,188,yes
1061,658,0,200,yes
1062,658,1,195,no
1063,659,0,212,yes
1064,660,0,202,yes
1065,661,0,209,yes
1066,662,0,212,yes
1067,663,0,170,yes
1068,664,0,216,yes
1069,664,1,204,no
1070,664,2,247,no
1071,665,0,180,yes
1072,666,0,180,yes
1073,666,1,201,no
1074,666,2,215,no
1075,667,0,221,yes
1076,667,1,227,no
1077,668,0,177,yes
1078,669,0,195,yes
1079,669,1,218,no
1080,670,0,202,yes
1081,670,1,202,no
1082,670,2,228,no
1083,671,0,201,yes
1084,672,0,165,yes
1085,672,1,225,no
1086,673,0,212,yes
1087,674,0,207,yes
1088,675,0,170,yes
1089,676,0,202,yes
1090,676,1,210,no
1091,677,0,190,yes
1092,677,1,219,no
1093,678,0,194,yes
1094,679,0,156,yes
1095,680,0,213,yes
1096,681,0,197,yes
1097,681,1,220,no
1098,681,2,195,no
1099,682,0,207,yes
1100,682,1,209,no
1101,683,0,196,yes
1102,684,0,212,yes
1103,685,0,196,yes
1104,686,0,202,yes
1105,687,0,195,yes
1106,688,0,196,yes
1107,689,0,189,yes
1108,690,0,184,yes
1109,690,1,181,no
1110,691,0,195,yes
1111,692,0,199,yes
1112,693,0,184,yes
1113,693,1,207,no
1114,694,0,156,yes
1115,695,0,211,yes
1116,696,0,184,yes
1117,697,0,170,yes
1118,698,0,198,yes
1119,699,0,161,yes
1120,700,0,177,yes
1121,701,0,183,yes
1122,702,0,220,yes
1123,703,0,197,yes
1124,703,1,188,no
1125,703,2,193,no
1126,703,3,218,no
1127,703,4,186,no
1128,704,0,172,yes
1129,705,0,190,yes
1130,706,0,199,yes
1131,707,0,220,yes
1132,708,0,190,yes
1133,709,0,173,yes
1134,710,0,193,yes
1135,710,1,208,no
1136,711,0,187,yes
1137,712,0,191,yes
1138,713,0,170,yes
1139,714,0,203,yes
1140,714,1,208,no
1141,714,2,226,no
1142,715,0,204,yes
1143,715,1,197,no
1144,716,0,193,yes
1145,716,1,186,no
1146,717,0,206,yes
1147,717,1,203,no
1148,717,2,179,no
1149,718,0,184,yes
1150,718,1,218,no
1151,718,2,210,no
1152,718,3,199,no
1153,719,0,180,yes
1154,719,1,207,no
1155,720,0,191,yes
1156,720,1,195,no
1157,721,0,184,yes
1158,722,0,212,yes
1159,723,0,189,yes
1160,724,0,187,yes
1161,725,0,187,yes
1162,725,1,213,no
1163,726,0,214,yes
1164,726,1,221,no
1165,727,0,187,yes
1166,728,0,196,yes
1167,729,0,166,yes
1168,729,1,178,no
1169,730,0,203,yes
1170,731,0,201,yes
1171,731,1,218,no
1172,732,0,212,yes
1173,733,0,177,yes
1174,734,0,160,yes
1175,734,1,212,no
1176,735,0,199,yes
1177,736,0,189,yes
1178,736,1,210,no
1179,737,0,172,yes
1180,738,0,180,yes
1181,738,1,190,no
1182,738,2,224,no
1183,738,3,214,no
1184,739,0,202,yes
1185,739,1,225,no
1186,740,0,190,yes
1187,741,0,195,yes
1188,742,0,182,yes
1189,742,1,203,no
1190,743,0,198,yes
1191,744,0,189,yes
1192,745,0,157,yes
1193,745,1,208,no
1194,746,0,224,yes
1195,746,1,204,no
1196,747,0,173,yes
1197,747,1,189,no
1198,747,2,194,no
1199,748,0,187,yes
1200,748,1,182,no
1201,748,2,243,no
1202,749,0,216,yes
1203,750,0,193,yes
1204,751,0,193,yes
1205,751,1,211,no
1206,751,2,212,no
1207,751,3,181,no
1208,752,0,193,yes
1209,752,1,183,no
1210,753,0,205,yes
1211,754,0,179,yes
1212,755,0,161,yes
1213,756,0,191,yes
1214,757,0,167,yes
1215,757,1,222,no
1216,758,0,209,yes
1217,758,1,185,no
1218,759,0,161,yes
1219,760,0,186,yes
1220,761,0,185,yes
1221,762,0,202,yes
1222,763,0,164,yes
1223,764,0,206,yes
1224,765,0,157,yes
1225,766,0,218,yes
1226,766,1,200,no
1227,767,0,191,yes
1228,768,0,173,yes
1229,769,0,186,yes
1230,770,0,153,yes
1231,770,1,190,no
1232,771,0,205,yes
1233,771,1,211,no
1234,772,0,209,yes
1235,773,0,165,yes
1236,774,0,163,yes
1237,774,1,197,no
1238,775,0,184,yes
1239,775,1,203,no
1240,776,0,174,yes
1241,776,1,196,no
1242,777,0,207,yes
1243,778,0,184,yes
1244,778,1,192,no
1245,779,0,179,yes
1246,779,1,205,no
1247,780,0,217,yes
1248,780,1,213,no
1249,780,2,209,no
1250,781,0,192,yes
1251,782,0,212,yes
1252,782,1,172,no
1253,783,0,198,yes
1254,784,0,211,yes
1255,785,0,189,yes
1256,786,0,190,yes
1257,787,0,184,yes
1258,788,0,175,yes
1259,789,0,221,yes
1260,790,0,169,yes
1261,790,1,212,no
1262,790,2,201,no
1263,790,3,199,no
1264,790,4,215,no
1265,791,0,199,yes
1266,792,0,164,yes
1267,793,0,181,yes
1268,794,0,180,yes
1269,794,1,200,no
1270,795,0,161,yes
1271,796,0,187,yes
1272,796,1,227,no
1273,796,2,191,no
1274,796,3,198,no
1275,796,4,206,no
1276,796,5,210,no
1277,797,0,178,yes
1278,797,1,220,no
1279,797,2,179,no
1280,797,3,199,no
1281,797,4,206,no
1282,797,5,221,no
1283,798,0,189,yes
1284,799,0,201,yes
1285,800,0,206,yes
1286,800,1,194,no
1287,800,2,220,no
1288,801,0,217,yes
1289,802,0,204,yes
1290,802,1,203,no
1291,802,2,201,no
1292,803,0,201,yes
1293,804,0,189,yes
1294,805,0,190,yes
1295,805,1,219,no
1296,805,2,230,no
1297,806,0,163,yes
1298,807,0,213,yes
1299,807,1,213,no
1300,808,0,209,yes
1301,809,0,179,yes
1302,809,1,205,no
1303,809,2,204,no
1304,810,0,189,yes
1305,811,0,171,yes
1306,812,0,186,yes
1307,812,1,192,no
1308,812,2,205,no
1309,813,0,196,yes
1310,814,0,164,yes
1311,815,0,189,yes
1312,816,0,187,yes
1313,816,1,230,no
1314,816,2,220,no
1315,817,0,171,yes
1316,818,0,187,yes
1317,818,1,198,no
1318,819,0,154,yes
1319,819,1,200,no
1320,820,0,198,yes
1321,821,0,183,yes
1322,822,0,193,yes
1323,822,1,195,no
1324,822,2,189,no
1325,823,0,190,yes
1326,823,1,207,no
1327,823,2,198,no
1328,824,0,216,yes
1329,825,0,198,yes
1330,825,1,235,no
1331,826,0,180,yes
1332,826,1,188,no
1333,826,2,184,no
1334,826,3,191,no
1335,826,4,187,no
1336,826,5,218,no
1337,826,6,186,no
1338,827,0,150,yes
1339,828,0,177,yes
1340,829,0,169,yes
1341,829,1,198,no
1342,830,0,194,yes
1343,831,0,203,yes
1344,832,0,201,yes
1345,832,1,206,no
1346,833,0,201,yes
1347,833,1,181,no
1348,834,0,202,yes
1349,835,0,184,yes
1350,835,1,196,no
1351,836,0,224,yes
1352,836,1,237,no
1353,836,2,212,no
1354,837,0,175,yes
1355,838,0,178,yes
1356,838,1,177,no
1357,838,2,209,no
1358,839,0,180,yes
1359,839,1,200,no
1360,840,0,161,yes
1361,840,1,213,no
1362,840,2,200,no
1363,840,3,223,no
1364,840,4,219,no
1365,841,0,225,yes
1366,841,1,221,no
1367,842,0,183,yes
1368,842,1,234,no
1369,842,2,199,no
1370,843,0,211,yes
1371,843,1,236,no
1372,844,0,185,yes
1373,845,0,171,yes
1374,846,0,192,yes
1375,846,1,219,no
1376,846,2,192,no
1377,846,3,203,no
1378,847,0,204,yes
1379,848,0,165,yes
1380,848,1,203,no
1381,848,2,193,no
1382,848,3,228,no
1383,849,0,219,yes
1384,849,1,209,no
1385,849,2,198,no
1386,850,0,201,yes
1387,850,1,158,no
1388,850,2,198,no
1389,851,0,169,yes
1390,851,1,197,no
1391,851,2,205,no
1392,852,0,195,yes
1393,852,1,188,no
1394,852,2,196,no
1395,852,3,216,no
1396,852,4,224,no
1397,852,5,172,no
1398,852,6,196,no
1399,852,7,214,no
1400,853,0,198,yes
1401,853,1,192,no
1402,854,0,182,yes
1403,854,1,192,no
1404,855,0,188,yes
1405,856,0,195,yes
1406,857,0,199,yes
1407,858,0,195,yes
1408,858,1,211,no
1409,859,0,188,yes
1410,860,0,172,yes
1411,860,1,177,no
1412,860,2,234,no
1413,861,0,164,yes
1414,862,0,175,yes
1415,863,0,215,yes
1416,863,1,185,no
1417,864,0,167,yes
1418,865,0,205,yes
1419,866,0,214,yes
1420,866,1,201,no
1421,866,2,196,no
1422,866,3,201,no
1423,867,0,172,yes
1424,868,0,192,yes
1425,868,1,181,no
1426,869,0,203,yes
1427,870,0,209,yes
1428,871,0,192,yes
1429,871,1,212,no
1430,871,2,192,no
1431,872,0,198,yes
1432,872,1,210,no
1433,872,2,224,no
1434,872,3,190,no
1435,873,0,168,yes
1436,874,0,186,yes
1437,875,0,183,yes
1438,875,1,195,no
1439,876,0,192,yes
1440,877,0,225,yes
1441,877,1,174,no
1442,878,0,170,yes
1443,879,0,154,yes
1444,880,0,177,yes
1445,880,1,203,no
1446,880,2,219,no
1447,880,3,203,no
1448,880,4,195,no
1449,880,5,174,no
1450,881,0,184,yes
1451,882,0,207,yes
1452,883,0,215,yes
1453,884,0,205,yes
1454,884,1,212,no
1455,885,0,232,yes
1456,886,0,196,yes
1457,887,0,162,yes
1458,888,0,195,yes
1459,888,1,208,no
1460,888,2,216,no
1461,889,0,209,yes
1462,889,1,191,no
1463,889,2,208,no
1464,889,3,209,no
1465,890,0,212,yes
1466,891,0,216,yes
1467,891,1,212,no
1468,892,0,199,yes
1469,893,0,155,yes
1470,894,0,213,yes
1471,895,0,182,yes
1472,896,0,186,yes
1473,896,1,200,no
1474,897,0,189,yes
1475,898,0,184,yes
1476,899,0,185,yes
1477,900,0,166,yes
1478,901,0,208,yes
1479,902,0,194,yes
1480,902,1,215,no
1481,903,0,212,yes
1482,904,0,164,yes
1483,904,1,190,no
1484,905,0,176,yes
1485,906,0,193,yes
1486,907,0,212,yes
1487,908,0,172,yes
1488,908,1,210,no
1489,909,0,203,yes
1490,909,1,169,no
1491,910,0,204,yes
1492,911,0,185,yes
1493,912,0,226,yes
1494,913,0,183,yes
1495,914,0,184,yes
1496,915,0,192,yes
1497,916,0,195,yes
1498,916,1,218,no
1499,917,0,168,yes
1500,918,0,175,yes
1501,918,1,208,no
1502,919,0,174,yes
1503,920,0,226,yes
1504,920,1,209,no
1505,921,0,205,yes
1506,921,1,207,no
1507,922,0,175,yes
1508,922,1,201,no
1509,923,0,178,yes
1510,923,1,176,no
1511,924,0,196,yes
1512,925,0,195,yes
1513,925,1,190,no
1514,925,2,195,no
1515,926,0,177,yes
1516,927,0,205,yes
1517,928,0,211,yes
1518,929,0,190,yes
1519,929,1,232,no
1520,930,0,192,yes
1521,931,0,174,yes
1522,931,1,222,no
1523,931,2,201,no
1524,931,3,190,no
1525,932,0,196,yes
1526,932,1,224,no
1527,933,0,184,yes
1528,934,0,193,yes
1529,935,0,195,yes
1530,936,0,201,yes
1531,937,0,176,yes
1532,938,0,185,yes
1533,938,1,186,no
1534,938,2,184,no
1535,938,3,217,no
1536,938,4,172,no
1537,939,0,195,yes
1538,940,0,185,yes
1539,940,1,202,no
1540,941,0,181,yes
1541,942,0,199,yes
1542,943,0,194,yes
1543,944,0,201,yes
1544,945,0,191,yes
1545,945,1,218,no
1546,945,2,203,no
1547,946,0,180,yes
1548,947,0,201,yes
1549,948,0,174,yes
1550,948,1,216,no
1551,948,2,203,no
1552,949,0,217,yes
1553,950,0,197,yes
1554,950,1,176,no
1555,951,0,199,yes
1556,952,0,195,yes
1557,953,0,204,yes
1558,954,0,186,yes
1559,954,1,190,no
1560,955,0,168,yes
1561,955,1,215,no
1562,956,0,133,yes
1563,957,0,182,yes
1564,957,1,201,no
1565,957,2,179,no
1566,958,0,185,yes
1567,959,0,187,yes
1568,960,0,176,yes
1569,961,0,219,yes
1570,961,1,218,no
1571,961,2,189,no
1572,962,0,200,yes
1573,963,0,191,yes
1574,964,0,164,yes
1575,964,1,181,no
1576,965,0,184,yes
1577,965,1,194,no
1578,965,2,213,no
1579,966,0,184,yes
1580,966,1,213,no
1581,966,2,198,no
1582,967,0,200,yes
1583,968,0,190,yes
1584,969,0,190,yes
1585,970,0,192,yes
1586,970,1,221,no
1587,971,0,205,yes
1588,971,1,182,no
1589,972,0,199,yes
1590,972,1,210,no
1591,972,2,203,no
1592,973,0,173,yes
1593,973,1,183,no
1594,974,0,180,yes
1595,975,0,168,yes
1596,975,1,230,no
1597,976,0,192,yes
1598,977,0,205,yes
1599,977,1,189,no
1600,978,0,197,yes
1601,979,0,189,yes
1602,979,1,192,no
1603,980,0,186,yes
1604,980,1,178,no
1605,981,0,202,yes
1606,981,1,192,no
1607,982,0,160,yes
1608,983,0,196,yes
1609,983,1,221,no
1610,983,2,212,no
1611,983,3,166,no
1612,984,0,206,yes
1613,985,0,161,yes
1614,986,0,182,yes
1615,987,0,173,yes
1616,988,0,188,yes
1617,989,0,191,yes
1618,989,1,188,no
1619,989,2,216,no
1620,990,0,191,yes
1621,991,0,196,yes
1622,992,0,203,yes
1623,993,0,159,yes
1624,994,0,191,yes
1625,995,0,211,yes
1626,995,1,179,no
1627,996,0,179,yes
1628,996,1,226,no
1629,997,0,173,yes
1630,997,1,203,no
1631,998,0,197,yes
1632,998,1,240,no
1633,999,0,189,yes
1634,999,1,197,no
1635,999,2,219,no
1636,1000,0,193,yes
1637,1000,1,192,no
